{"iterations": 100, "times": [[1, 3.7026073932647705], [2, 3.701878786087036], [3, 3.796459436416626], [4, 3.896939277648926], [5, 3.706294059753418], [6, 4.000692129135132], [7, 3.8933987617492676], [8, 3.7032155990600586], [9, 3.9998621940612793], [10, 3.8060662746429443], [11, 4.100102663040161], [12, 4.094214916229248], [13, 3.8025460243225098], [14, 3.9969677925109863], [15, 3.902538776397705], [16, 4.09399676322937], [17, 3.904853105545044], [18, 3.8990283012390137], [19, 4.006179094314575], [20, 3.992733955383301], [21, 3.9031424522399902], [22, 4.096055030822754], [23, 3.899892568588257], [24, 4.00013279914856], [25, 3.9985013008117676], [26, 4.002645015716553], [27, 4.005353689193726], [28, 3.8970108032226562], [29, 4.005146741867065], [30, 3.9936606884002686], [31, 4.096381664276123], [32, 3.910468578338623], [33, 3.892662763595581], [34, 4.104888677597046], [35, 4.295997142791748], [36, 4.19931960105896], [37, 4.299231290817261], [38, 4.206463813781738], [39, 4.392846345901489], [40, 4.2010109424591064], [41, 4.202601671218872], [42, 4.297470808029175], [43, 4.306508302688599], [44, 4.295767307281494], [45, 4.300514221191406], [46, 4.393949508666992], [47, 4.005544185638428], [48, 4.59240460395813], [49, 4.304861545562744], [50, 3.8014471530914307], [51, 4.19703483581543], [52, 4.005481958389282], [53, 4.396637678146362], [54, 3.893740653991699], [55, 4.006365060806274], [56, 4.197333812713623], [57, 3.7037181854248047], [58, 4.394512176513672], [59, 4.0061681270599365], [60, 4.198242664337158], [61, 4.0934202671051025], [62, 4.006398677825928], [63, 4.5047056674957275], [64, 3.7946438789367676], [65, 4.40449333190918], [66, 4.201554536819458], [67, 4.293876886367798], [68, 4.296973705291748], [69, 4.105252742767334], [70, 4.303713083267212], [71, 4.291173458099365], [72, 4.405004024505615], [73, 4.401947975158691], [74, 4.392736434936523], [75, 4.605201482772827], [76, 4.398755311965942], [77, 4.401961326599121], [78, 4.2994794845581055], [79, 4.400528430938721], [80, 4.205322742462158], [81, 4.296036005020142], [82, 4.389850378036499], [83, 4.005075216293335], [84, 4.100616216659546], [85, 4.6063392162323], [86, 4.69338583946228], [87, 4.498853921890259], [88, 4.704292058944702], [89, 4.800870656967163], [90, 4.499476909637451], [91, 4.403913736343384], [92, 4.801140069961548], [93, 4.890628814697266], [94, 4.604284048080444], [95, 4.896847248077393], [96, 4.403080463409424], [97, 5.0982983112335205], [98, 4.5998311042785645], [99, 4.701904773712158], [100, 4.793472528457642]]}