{"iterations": 100, "times": [[1, 0.1993715763092041], [2, 0.19890546798706055], [3, 0.19808530807495117], [4, 0.19946742057800293], [5, 0.20006847381591797], [6, 0.1989424228668213], [7, 0.20043373107910156], [8, 0.19934868812561035], [9, 0.19599199295043945], [10, 0.19932126998901367], [11, 0.204268217086792], [12, 0.1957237720489502], [13, 0.19618844985961914], [14, 0.19459319114685059], [15, 0.19544410705566406], [16, 0.19495797157287598], [17, 0.2013874053955078], [18, 0.20025205612182617], [19, 0.19913768768310547], [20, 0.19860529899597168], [21, 0.20301485061645508], [22, 0.20166778564453125], [23, 0.20221638679504395], [24, 0.20445942878723145], [25, 0.20091772079467773], [26, 0.20124435424804688], [27, 0.20295238494873047], [28, 0.2014298439025879], [29, 0.20079445838928223], [30, 0.28562188148498535], [31, 0.19842529296875], [32, 0.1981658935546875], [33, 0.1977231502532959], [34, 0.1976611614227295], [35, 0.19887685775756836], [36, 0.19639158248901367], [37, 0.1987149715423584], [38, 0.19977617263793945], [39, 0.1991264820098877], [40, 0.19551396369934082], [41, 0.19481945037841797], [42, 0.19468188285827637], [43, 0.19720959663391113], [44, 0.19663381576538086], [45, 0.19667577743530273], [46, 0.19453811645507812], [47, 0.1952972412109375], [48, 0.19584345817565918], [49, 0.1976330280303955], [50, 0.19637322425842285], [51, 0.1925039291381836], [52, 0.19175171852111816], [53, 0.1932239532470703], [54, 0.19689440727233887], [55, 0.1998898983001709], [56, 0.19680452346801758], [57, 0.1953415870666504], [58, 0.1947925090789795], [59, 0.19572687149047852], [60, 0.1956169605255127], [61, 0.19081401824951172], [62, 0.23814129829406738], [63, 0.18921828269958496], [64, 0.19523310661315918], [65, 0.19417929649353027], [66, 0.19141554832458496], [67, 0.18909120559692383], [68, 0.19159531593322754], [69, 0.19111156463623047], [70, 0.19034862518310547], [71, 0.1932690143585205], [72, 0.19339752197265625], [73, 0.1912236213684082], [74, 0.19042038917541504], [75, 0.19237017631530762], [76, 0.19122767448425293], [77, 0.1923384666442871], [78, 0.19000792503356934], [79, 0.1928544044494629], [80, 0.19381046295166016], [81, 0.18970489501953125], [82, 0.19268798828125], [83, 0.19187259674072266], [84, 0.19071483612060547], [85, 0.19539642333984375], [86, 0.19294190406799316], [87, 0.19114112854003906], [88, 0.1950845718383789], [89, 0.18909955024719238], [90, 0.19385290145874023], [91, 0.19153189659118652], [92, 0.19254565238952637], [93, 0.1957247257232666], [94, 0.1945958137512207], [95, 0.19472932815551758], [96, 0.19367051124572754], [97, 0.1951732635498047], [98, 0.19561433792114258], [99, 0.19266295433044434], [100, 0.19439387321472168]]}